subjCode,TrialNumber,Block,BlockTrialNumber,audio_condition,trialPresent ,CodingIssue,Fussy,excludeTrial,Notes,Coder,additional_notes
effie_001,1,1,1,L1_2,Y,N,N,N,Good looks. Was a little sqirmy but kept looking at the screen ,EK,
effie_001,2,1,2,L1_2,Y,N,N,N,good looks but turned away briefly twice. Once again a little squirmy and leaned toward the screen but kept looking at it,EK,
effie_001,3,1,3,L1_2,Y,N,N,N,Not squirmy but it was a shorter look before turning away,EK,
effie_001,4,1,4,L1_2,Y,N,N,N,"Leaned toward the screen, turned away briefly so there were short looks",EK,
effie_001,5,2,1,L1_2,Y,N,N,N,Little squirmy again but kept looking at the screen. Turned away and looked down for shorter looks ,EK,
effie_001,6,2,2,L1_2,Y,N,N,N,"Turned away a few times briefly, but had good looks",EK,
effie_001,7,2,3,L1_2,Y,N,N,N,Leaned toward the screen but kept looking. Did look down and turn away briefly so it was a shorter trial ,EK,
effie_001,8,2,4,L1_2,Y,N,N,N,"Short trial, looked away right after it began",EK,
effie_001,9,3,1,L1_2,Y,N,N,N,Good look - only one longer turn away ended trial,EK,
effie_001,10,3,2,L1_2,Y,N,N,N,Good look- only one longer turn away ended trial,EK,
effie_001,11,3,3,L1_2,Y,N,N,N,Started to get squirmy at the end. Turned away a couple of times for some shorter looks,EK,
effie_001,12,3,4,L1_2,Y,N,N,N,Good look - only one longer turn away ended trial,EK,
effie_001,13,,,L1_2,Y,N,N,N,Good look - only one longer turn away ended trial,EK,added 13th trial
effie_002,1,1,1,L1_8,Y,N,N,N,Mom stood her up. Turned away briefly frquently for short looks ,EK,
effie_002,2,1,2,L1_8,Y,N,N,N,Good look - only one longer turn away ended trial,EK,
effie_002,3,1,3,L1_8,Y,N,N,N,Turned away briefly a few times for some shorter looks,EK,
effie_002,4,1,4,L1_8,Y,N,N,N,Turned away briefly frquently for short looks ,EK,
effie_002,5,2,1,L1_8,Y,N,N,N,Mom stood her up. Turned away briefly frquently for short looks ,EK,
effie_002,6,2,2,L1_8,Y,N,N,N,Turned away briefly frquently for short looks ,EK,
effie_002,7,2,3,L1_8,Y,N,N,N,Turned away briefly a few times for some shorter looks,EK,
effie_002,8,2,4,L1_8,Y,N,N,N,Had some longer looks - especially before the end. Still turned away briefly frequently and at the end turned towards mom,EK,
effie_002,9,3,1,L1_8,Y,N,N,N,Good short look- only one longer turn away ended trial,EK,
effie_002,10,3,2,L1_8,Y,N,N,N,Good short look- only one longer turn away ended trial,EK,
effie_002,11,3,3,L1_8,Y,N,N,N,Mom stood her up. Good short look- only one longer turn away ended trial,EK,
effie_002,12,3,4,L1_8,Y,N,N,N,Good short look- only one longer turn away ended trial,EK,
effie_002,13,,,L1_8,Y,N,N,N,Good short look- only one longer turn away ended trial,EK,added 13th trial
effie_003,1,1,1,L2_2,Y,N,N,N,Good long looks,EK,
effie_003,2,1,2,L2_2,Y,N,N,N,"Turned away a few times briefly, but had good long looks",EK,
effie_003,3,1,3,L2_2,Y,N,N,N,"Turned away a few times briefly, but had good long looks",EK,
effie_003,4,1,4,L2_2,Y,N,N,N,"Turned away a few times briefly, but had good long looks",EK,
effie_003,5,2,1,L2_2,Y,N,N,N,"Turned away a few times briefly, but had good long looks",EK,
effie_003,6,2,2,L2_2,Y,N,N,N,"Turned away a few times briefly, but had good long looks",Ek,
effie_003,7,2,3,L2_2,Y,N,N,N,"Started good, became a little squirmy and turned back towards mom",Ek,
effie_003,8,2,4,L2_2,Y,N,N,N,"Turned away briefly for some shorter looks than before. A little more squirmy, turned face into mother and then completely turned to mom",EK,
effie_003,9,3,1,L2_2,Y,N,N,N,Good looks. Seemes like he turned past his should a few times briefly,EK,
effie_003,10,3,2,L2_2,Y,N,N,N,Good looks but turned head briely frequently. Tilted head up towards mom,EK,
effie_003,11,3,3,L2_2,Y,N,N,N,"Short looks, turned head briely frequently. Tilted head up towards mom",EK,
effie_003,12,3,4,L2_2,Y,N,N,N,"Turned away a few times briefly, but had good long looks",EK,
,,,,,,,,,,EK,No additional trial added as expected. Really great long looking throughout with no really short trials
effie_004,1,1,1,L2_8,Y,N,N,N,Good short look- only one longer turn away ended trial,EK,
effie_004,2,1,2,L2_8,Y,N,N,N,Good short look- only one longer turn away ended trial,Ek,
effie_004,3,1,3,L2_8,Y,N,N,N,"Short looks, turned head briely frequently. Glanced down a couple of times, turned head towards parent",Ek,
effie_004,4,1,4,L2_8,Y,N,N,N,"Good long looks, turned head briefly a couple of times",EK,
effie_004,5,2,1,L2_8,Y,N,N,N,Took long time to look to the right side. Turned away soon after,EK,
effie_004,6,2,2,L2_8,Y,N,N,N,Good looks but tilted head up toward parent,EK,
effie_004,7,2,3,L2_8,Y,N,N,N,"Leaning against parent, turned towards them right away. Took a long time to turn towards stimuli but it was a good long look",EK,
effie_004,8,2,4,L2_8,Y,N,N,N,Good look - only one longer turn away ended trial,EK,
effie_004,9,3,1,L2_8,Y,N,N,N,Good looks but turned head briefly a few times. Tilted head up towards parent,EK,
effie_004,10,3,2,L2_8,Y,N,N,N,Good long look but tilted head up toward parent,EK,
effie_004,11,3,3,L2_8,Y,N,N,N,Good look. Began leaning toward the screen. Eventually tilted head up,EK,
effie_004,12,3,4,L2_8,Y,N,N,N,Was turned toward parent at the beginning. Good long look but only one longer turn away ended trial,EK,
effie_005,1,1,1,L1_2,Y,N,N,N,Good long look but squirmed a little bit looking backwards,PB,No additional trial was added
effie_005,2,1,2,L1_2,Y,N,N,N,Good shorter look--lost interest and looked to other side ,PB,
effie_005,3,1,3,L1_2,Y,N,N,N,"Short look, looked away almost right away, but did look good at the start",PB,
effie_005,4,1,4,L1_2,Y,N,N,N,Good long look but turned other way and then looked back,PB,
effie_005,5,2,1,L1_2,Y,N,N,N,"Good long look, turned away briefly but came back to resume testing",PB,
effie_005,6,2,2,L1_2,Y,N,N,N,Good short look- only one longer turn away ended trial,PB,
effie_005,7,2,3,L1_2,Y,N,N,N,"Good long look, turned away briefly but turned back to resume, a little squirmy",PB,
effie_005,8,2,4,L1_2,Y,N,N,N,"Good long look, looked away twice briefly, but came back",PB,
effie_005,9,3,1,L1_2,Y,N,N,N,"Good short look, lost interest quickly ",PB,
effie_005,10,3,2,L1_2,Y,N,N,N,Good shorter look--one turn away ended trial,PB,
effie_005,11,3,3,L1_2,Y,N,N,N,"Good longer look! Looked away briefly as if distracted, but came back ",PB,
effie_005,12,3,4,L1_2,Y,N,N,N,"Longer look, looked away to other side and to the back a few times but not for too long",PB,
effie_006,1,1,1,L2_8,Y,N,N,N,"Good long look, looked briefly away two times, but looked right back",PB,
effie_006,2,1,2,L2_8,Y,N,N,N,"Long look, but looked away twice briefly",PB,
effie_006,3,1,3,L2_8,Y,N,N,N,"Good look, looked up twice briefly",PB,
effie_006,4,1,4,L2_8,Y,N,N,N,Good solid long look,PB,
effie_006,5,2,1,L2_8,Y,N,N,N,"Long look, but looked away briefly",PB,
effie_006,6,2,2,L2_8,Y,N,N,N,Good long look; looked away twice briefly and once to end the trial,PB,
effie_006,7,2,3,L2_8,Y,N,N,N,"Short look, looked away almost right away, but did look good at the start",PB,
effie_006,8,2,4,L2_8,Y,N,N,N,"Short intermitent looks, but looked away every couple seconds",PB,
effie_006,9,3,1,L2_8,Y,N,N,N,Solid long look to start but started to squirm and look around towards the end,PB,
effie_006,10,3,2,L2_8,Y,N,N,N,"Short look, looked away almost right away, but did look good at the start",PB,
effie_006,11,3,3,L2_8,Y,N,N,N,"Good short look, lost interest quickly and started to rub eyes",PB,
effie_006,12,3,4,L2_8,Y,N,N,N,"Good long look, looked away briefly once but came back",PB,
effie_007,1,,,L2_2,Y,N,N,N,Great throughout the whole sestion. Made it all the way through,EK,
effie_007,2,,,L2_2,Y,N,N,N,,EK,
effie_007,3,,,L2_2,Y,N,N,N,,EK,
effie_007,4,,,L2_2,Y,N,N,N,,EK,
effie_007,5,,,L2_2,Y,N,N,N,,EK,
effie_007,6,,,L2_2,Y,N,N,N,short look,EK,
effie_007,7,,,L2_2,Y,N,N,N,,EK,
effie_007,8,,,L2_2,Y,N,N,N,,EK,
effie_007,9,,,L2_2,Y,N,N,N,,EK,
effie_007,10,,,L2_2,Y,N,N,N,,EK,
effie_007,11,,,L2_2,Y,N,N,N,,EK,
effie_007,12,,,L2_2,Y,N,N,N,,EK,
effie_007,13,,,L2_2,Y,N,N,N,additional trial,EK,
effie_007,14,,,L2_2,Y,N,N,N,additional trial,EK,
effie_008,1,,,L2_8,Y,N,N,N,MZ edit: coder accidentally started coding during familiarization phase. Corrected accordingly,LF; MZ,
effie_008,2,,,L2_8,Y,N,N,N,,LF; MZ,
effie_008,3,,,L2_8,Y,N,N,N,,LF; MZ,
effie_008,4,,,L2_8,Y,N,N,N,,LF; MZ,
effie_008,5,,,L2_8,Y,N,N,N,,LF; MZ,
effie_008,6,,,L2_8,Y,N,N,N,,LF; MZ,
effie_008,7,,,L2_8,Y,N,Y,N,baby was reaching for the screen but still seemd very attentive,LF; MZ,
effie_008,8,,,L2_8,Y,N,N,N,MZ edit: not an additional trial,LF; MZ,
effie_008,9,,,L2_8,Y,N,N,N,MZ edit: not an additional trial,LF; MZ,
effie_008,10,,,L2_8,Y,N,N,N,MZ edit: not an additional trial,LF; MZ,
effie_008,11,,,L2_8,Y,N,N,N,MZ edit: not an additional trial,LF; MZ,
effie_008,12,,,L2_8,Y,N,N,N,MZ edit: not an additional trial,LF; MZ,
effie_009,1,1,1,L1_2,Y,N,N,N,turned around to mom,RB,
effie_009,2,,,L1_2,Y,N,N,N,"grunted a little (had to listen to audio), but nothing too distracting",RB,
effie_009,3,,,L1_2,Y,N,N,Y,grunted more (listened to audio),RB,
effie_009,4,,,L1_2,Y,N,N,N,,RB,
effie_009,5,,,L1_2,Y,N,N,N,,RB,
effie_009,6,,,L1_2,Y,N,N,N,somewhat inattentive,RB,
effie_009,7,,,L1_2,Y,N,N,Y,grunted (listened to audio) and potential coding error since baby looked away from screen for just 1 sec but image went away ,RB,
effie_009,8,,,L1_2,Y,N,N,N,,RB,
effie_009,9,,,L1_2,Y,N,N,N,,RB,
effie_009,10,,,L1_2,Y,N,N,N,,RB,
effie_009,11,,,L1_2,Y,N,N,Y,vocalized and hummed (listened to audio),RB,
effie_009,12,,,L1_2,Y,N,N,N,turned to mom,RB,
effie_009,13,,,L1_2,Y,N,N,Y,Additional trial/vocalized the whole time (listened to audio),RB,
effie_010,1,,,L1_8,Y,N,N,N,,RB,
effie_010,2,,,L1_8,Y,N,N,N,,RB,
effie_010,3,,,L1_8,Y,N,N,N,,RB,
effie_010,4,,,L1_8,Y,N,N,N,,RB,
effie_010,5,,,L1_8,Y,N,N,N,,RB,
effie_010,6,,,L1_8,Y,N,N,N,,RB,
effie_010,7,,,L1_8,Y,N,N,N,,RB,
effie_010,8,,,L1_8,Y,N,N,N,,RB,
effie_010,9,,,L1_8,Y,N,N,N,,RB,
effie_010,10,,,L1_8,Y,N,N,N,,RB,
effie_010,11,,,L1_8,Y,N,N,N,,RB,
effie_010,12,,,L1_8,Y,N,N,N,,RB,
effie_011,1,,,,,,,N,"***subject log indicates that we forgot to record this video***; MZ edit: added ""N"" for excludeTrial columns",RB; MZ,
effie_011,2,,,,,,,N,,RB; MZ,
effie_011,3,,,,,,,N,,RB; MZ,
effie_011,4,,,,,,,N,,RB; MZ,
effie_011,5,,,,,,,N,,RB; MZ,
effie_011,6,,,,,,,N,,RB; MZ,
effie_011,7,,,,,,,N,,RB; MZ,
effie_011,8,,,,,,,N,,RB; MZ,
effie_011,9,,,,,,,N,,RB; MZ,
effie_011,10,,,,,,,N,,RB; MZ,
effie_011,11,,,,,,,N,,RB; MZ,
effie_011,12,,,,,,,N,,RB; MZ,
effie_011,13,,,,,,,N,,RB; MZ,
effie_012,1,,,L2_8,Y,N,N,N,,RB,
effie_012,2,,,L2_8,Y,N,N,N,,RB,
effie_012,3,,,L2_8,Y,N,N,N,,RB,
effie_012,4,,,L2_8,Y,N,N,N,,RB,
effie_012,5,,,L2_8,Y,N,N,N,,RB,
effie_012,6,,,L2_8,Y,N,N,N,,RB,
effie_012,7,,,L2_8,Y,N,N,N,,RB,
effie_012,8,,,L2_8,Y,N,N,N,,RB,
effie_012,9,,,L2_8,Y,N,N,N,,RB,
effie_012,10,,,L2_8,Y,N,N,N,,RB,
effie_012,11,,,L2_8,Y,N,N,N,,RB,
effie_012,12,,,L2_8,Y,N,N,N,,RB,
effie_013,1,,,L1_2,N,NA,NA,NA,*technical difficulties/testing trials never began*/during training two audios played at the same time and then the sound cut out and the images stopped appearing; MZ:  verified audio condition,RB;MZ,
effie_013,2,,,L1_2,N,NA,NA,NA,,RB;MZ,
effie_013,3,,,L1_2,N,NA,NA,NA,,RB;MZ,
effie_013,4,,,L1_2,N,NA,NA,NA,,RB;MZ,
effie_013,5,,,L1_2,N,NA,NA,NA,,RB;MZ,
effie_013,6,,,L1_2,N,NA,NA,NA,,RB;MZ,
effie_013,7,,,L1_2,N,NA,NA,NA,,RB;MZ,
effie_013,8,,,L1_2,N,NA,NA,NA,,RB;MZ,
effie_013,9,,,L1_2,N,NA,NA,NA,,RB;MZ,
effie_013,10,,,L1_2,N,NA,NA,NA,,RB;MZ,
effie_013,11,,,L1_2,N,NA,NA,NA,,RB;MZ,
effie_013,12,,,L1_2,N,NA,NA,NA,,RB;MZ,
effie_014,1,,,L1_8,Y,N,N,N,,RB,
effie_014,2,,,L1_8,Y,N,N,N,,RB,
effie_014,3,,,L1_8,Y,N,N,N,,RB,
effie_014,4,,,L1_8,Y,N,N,N,,RB,
effie_014,5,,,L1_8,Y,N,N,N,,RB,
effie_014,6,,,L1_8,Y,N,N,N,,RB,
effie_014,7,,,L1_8,Y,N,N,N,,RB,
effie_014,8,,,L1_8,Y,N,N,N,,RB,
effie_014,9,,,L1_8,Y,N,N,N,,RB,
effie_014,10,,,L1_8,Y,N,N,N,getting a little squirmy,RB,
effie_014,11,,,L1_8,Y,N,N,N,,RB,
effie_014,12,,,L1_8,Y,N,N,N,,RB,
effie_015,1,,,L2_2,Y,N,N,N,,RB,
effie_015,2,,,L2_2,Y,N,N,N,,RB,
effie_015,3,,,L2_2,Y,N,N,N,,RB,
effie_015,4,,,L2_2,Y,N,N,N,,RB,
effie_015,5,,,L2_2,Y,N,N,N,,RB,
effie_015,6,,,L2_2,Y,N,N,N,,RB,
effie_015,7,,,L2_2,Y,N,N,N,,RB,
effie_015,8,,,L2_2,Y,N,N,N,,RB,
effie_015,9,,,L2_2,Y,N,N,N,,RB,
effie_015,10,,,L2_2,Y,N,N,N,slightly squirmy,RB,
effie_015,11,,,L2_2,Y,N,N,N,,RB,
effie_015,12,,,L2_2,Y,N,N,N,,RB,
effie_016,1,,,L2_8,Y,N,N,N,,RB,
effie_016,2,,,L2_8,Y,N,N,N,,RB,
effie_016,3,,,L2_8,Y,N,N,N,,RB,
effie_016,4,,,L2_8,Y,N,N,N,,RB,
effie_016,5,,,L2_8,Y,N,N,N,,RB,
effie_016,6,,,L2_8,Y,N,N,N,,RB,
effie_016,7,,,L2_8,Y,N,N,N,,RB,
effie_016,8,,,L2_8,Y,N,N,N,squirmed to mom slightly,RB,
effie_016,9,,,L2_8,Y,N,N,N,,RB,
effie_016,10,,,L2_8,Y,N,N,N,,RB,
effie_016,11,,,L2_8,Y,N,N,N,looked @ mom for a little bit,RB,
effie_016,12,,,L2_8,Y,N,N,N,,RB,
effie_017,1,,,L1_2,Y,N,N,N,checked audio for vocalization-->good,RB,
effie_017,2,,,L1_2,Y,N,N,N,,RB,
effie_017,3,,,L1_2,Y,N,N,N,,RB,
effie_017,4,,,L1_2,Y,N,N,N,,RB,
effie_017,5,,,L1_2,Y,N,N,N,,RB,
effie_017,6,,,L1_2,Y,N,N,N,checked audio for vocalization-->good,RB,
effie_017,7,,,L1_2,Y,N,N,N,,RB,
effie_017,8,,,L1_2,Y,N,N,N,,RB,
effie_017,9,,,L1_2,Y,N,N,N,,RB,
effie_017,10,,,L1_2,Y,N,N,N,,RB,
effie_017,11,,,L1_2,Y,N,N,N,,RB,
effie_017,12,,,L1_2,Y,N,N,N,,RB,
effie_018,1,,,L1_8,Y,N,N,N,,RB,
effie_018,2,,,L1_8,Y,N,N,N,,RB,
effie_018,3,,,L1_8,Y,N,N,N,,RB,
effie_018,4,,,L1_8,Y,N,N,N,,RB,
effie_018,5,,,L1_8,Y,N,N,N,,RB,
effie_018,6,,,L1_8,Y,N,N,N,,RB,
effie_018,7,,,L1_8,Y,N,N,N,,RB,
effie_018,8,,,L1_8,Y,N,N,N,,RB,
effie_018,9,,,L1_8,Y,N,N,N,,RB,
effie_018,10,,,L1_8,Y,N,N,N,,RB,
effie_018,11,,,L1_8,Y,N,N,N,,RB,
effie_018,12,,,L1_8,Y,N,N,N,,RB,
effie_019,1,,,L1_2,Y,N,N,N,,RB,
effie_019,2,,,L1_2,Y,N,N,N,,RB,
effie_019,3,,,L1_2,Y,N,N,N,,RB,
effie_019,4,,,L1_2,Y,N,N,N,,RB,
effie_019,5,,,L1_2,Y,N,N,N,,RB,
effie_019,6,,,L1_2,Y,N,N,N,,RB,
effie_019,7,,,L1_2,Y,N,N,N,,RB,
effie_019,8,,,L1_2,Y,N,N,N,,RB,
effie_019,9,,,L1_2,Y,N,N,N,,RB,
effie_019,10,,,L1_2,Y,N,N,N,,RB,
effie_019,11,,,L1_2,Y,N,N,N,,RB,
effie_019,12,,,L1_2,Y,N,N,N,,RB,
effie_019,13,,,L1_2,Y,N,N,N,Additional trial ,RB,
effie_019,14,,,L1_2,Y,N,N,N,Additional trial ,RB,
effie_020,1,,,L1_2,Y,N,N,N,,RB,
effie_020,2,,,L1_2,Y,N,N,N,,RB,
effie_020,3,,,L1_2,Y,N,N,N,,RB,
effie_020,4,,,L1_2,Y,N,N,N,,RB,
effie_020,5,,,L1_2,Y,N,N,N,,RB,
effie_020,6,,,L1_2,Y,N,N,N,,RB,
effie_020,7,,,L1_2,Y,N,N,N,"saw mom talk/checked audio/she said ""hi"" but before baby started looking at target-->OK",RB,
effie_020,8,,,L1_2,Y,N,N,N,,RB,
effie_020,9,,,L1_2,Y,N,N,N,,RB,
effie_020,10,,,L1_2,Y,N,N,N,,RB,
effie_020,11,,,L1_2,Y,N,N,N,,RB,
effie_020,12,,,L1_2,Y,N,N,N,a little squirmy right at the end,RB,
effie_021,1,,,L1_2,Y,N,N,N,,RB,
effie_021,2,,,L1_2,Y,N,N,N,,RB,
effie_021,3,,,L1_2,Y,N,N,N,,RB,
effie_021,4,,,L1_2,Y,N,N,N,,RB,
effie_021,5,,,L1_2,Y,N,N,N,,RB,
effie_021,6,,,L1_2,Y,N,N,N,,RB,
effie_021,7,,,L1_2,Y,N,N,N,,RB,
effie_021,8,,,L1_2,Y,N,N,N,,RB,
effie_021,9,,,L1_2,Y,N,N,N,,RB,
effie_021,10,,,L1_2,Y,N,N,N,,RB,
effie_021,11,,,L1_2,Y,N,N,N,,RB,
effie_021,12,,,L1_2,Y,N,N,N,,RB,
effie_022,1,,,L1_8,Y,N,N,N,,RB,
effie_022,2,,,L1_8,Y,N,N,N,"checked audio/mom mouthed ""hi"" but it was after he had looked away",RB,
effie_022,3,,,L1_8,Y,N,N,N,,RB,
effie_022,4,,,L1_8,Y,N,N,N,turned around to mom,RB,
effie_022,5,,,L1_8,Y,N,N,N,"checked audio/mom mouthed ""hi"" again but after he looked away",RB,
effie_022,6,,,L1_8,Y,N,N,Y,"checked audio/child turned around for a long time before trial started and mom whispered ""can I have this? Thank you"", but mom didn't talk when child started trial-->mom was directing child's body toward target screen",RB,
effie_022,7,,,L1_8,Y,N,N,Y,mom seeemed to hold child toward target screen/child was pretty distracted,RB,
effie_022,8,,,L1_8,Y,N,N,N,a little squirmy,RB,
effie_022,9,,,L1_8,Y,N,N,N,,RB,
effie_022,10,,,L1_8,Y,N,Y,Y,checked audio/faced backwards and took headphones off of mom,RB,
effie_022,11,,,L1_8,N,NA,NA,Y,,RB,
effie_022,12,,,L1_8,N,NA,NA,Y,,RB,
effie_023,1,,,L2_2,Y,N,N,N,checked audio -->good,RB,
effie_023,2,,,L2_2,Y,N,N,N,,RB,
effie_023,3,,,L2_2,Y,N,N,N,,RB,
effie_023,4,,,L2_2,Y,N,N,N,,RB,
effie_023,5,,,L2_2,Y,N,N,N,,RB,
effie_023,6,,,L2_2,Y,N,N,N,,RB,
effie_023,7,,,L2_2,Y,N,N,N,,RB,
effie_023,8,,,L2_2,Y,N,N,N,somewhat squirmy ,RB,
effie_023,9,,,L2_2,Y,N,N,N,,RB,
effie_023,10,,,L2_2,Y,N,N,N,looked at mom ,RB,
effie_023,11,,,L2_2,Y,N,N,Y,very distracted and never looked at the target screen/it timed out,RB,
effie_023,12,,,L2_2,Y,N,N,N,,RB,
effie_023,13,,,L2_2,Y,N,N,N,,RB,
effie_024,1,,,L2_8,Y,N,N,N,MZ: verified audio condition,RB; MZ,
effie_024,2,,,L2_8,Y,N,N,N,checked audio -->good,RB; MZ,
effie_024,3,,,L2_8,Y,N,N,N,,RB; MZ,
effie_024,4,,,L2_8,Y,N,N,N,,RB; MZ,
effie_024,5,,,L2_8,Y,N,N,N,,RB; MZ,
effie_024,6,,,L2_8,Y,N,N,N,a little squirmy ,RB; MZ,
effie_024,7,,,L2_8,Y,N,N,N,,RB; MZ,
effie_024,8,,,L2_8,Y,N,N,N,,RB; MZ,
effie_024,9,,,L2_8,Y,N,N,N,a little squirmy ,RB; MZ,
effie_024,10,,,L2_8,Y,N,N,N,,RB; MZ,
effie_024,11,,,L2_8,Y,N,N,N,,RB; MZ,
effie_024,12,,,L2_8,Y,N,N,N,,RB; MZ,
effie_024,13,,,L2_8,,,,N,MZ: trial apparently not coded/ missed by coder,RB; MZ,
effie_025,1,,,,,,,N,video is 3 seconds long and there wasn't another video for 025; MZ edit: added N for excludeTrial columns,RB;MZ,
effie_025,2,,,,,,,N,,RB;MZ,
effie_025,3,,,,,,,N,,RB;MZ,
effie_025,4,,,,,,,N,,RB;MZ,
effie_025,5,,,,,,,N,,RB;MZ,
effie_025,6,,,,,,,N,,RB;MZ,
effie_025,7,,,,,,,N,,RB;MZ,
effie_025,8,,,,,,,N,,RB;MZ,
effie_025,9,,,,,,,N,,RB;MZ,
effie_025,10,,,,,,,N,,RB;MZ,
effie_025,11,,,,,,,N,,RB;MZ,
effie_025,12,,,,,,,N,,RB;MZ,
effie_026,1,,,L1_8,Y,N,N,N,,RB,
effie_026,2,,,L1_8,Y,N,N,N,,RB,
effie_026,3,,,L1_8,Y,N,N,N,,RB,
effie_026,4,,,L1_8,Y,N,N,N,,RB,
effie_026,5,,,L1_8,Y,N,N,N,,RB,
effie_026,6,,,L1_8,Y,N,N,N,,RB,
effie_026,7,,,L1_8,Y,N,N,N,,RB,
effie_026,8,,,L1_8,Y,N,N,N,,RB,
effie_026,9,,,L1_8,Y,N,N,N,,RB,
effie_026,10,,,L1_8,Y,N,N,N,barely looked,RB,
effie_026,11,,,L1_8,Y,N,N,N,,RB,
effie_026,12,,,L1_8,Y,N,N,N,,RB,
effie_026,13,,,L1_8,Y,N,N,N,Additional trial/distracted,RB,
effie_026,14,,,L1_8,Y,N,N,N,Additional trial/distracted,RB,
effie_026,15,,,L1_8,Y,N,N,N,Additional trial,RB,
effie_027,1,,,L2_2,Y,N,N,N,,JS,
effie_027,2,,,L2_2,Y,N,N,N,,JS,
effie_027,3,,,L2_2,Y,N,N,N,,JS,
effie_027,4,,,L2_2,Y,N,N,N,,JS,
effie_027,5,,,L2_2,Y,N,N,N,,JS,
effie_027,6,,,L2_2,Y,N,N,N,,JS,
effie_027,7,,,L2_2,Y,N,N,N,pulls out pacifer at the beginning of the trial,JS,
effie_027,8,,,L2_2,Y,N,N,N,,JS,
effie_027,9,,,L2_2,Y,N,N,N,,JS,
effie_027,10,,,L2_2,Y,N,N,N,,JS,
effie_027,11,,,L2_2,Y,N,N,N,,JS,
effie_027,12,,,L2_2,Y,N,N,N,,JS,
effie_027,13,,,L2_2,Y,N,Y,Y,"additional trial. crying/fussy, not attentive (listened to audio)",JS,
effie_028,1,,,L2_8,Y,N,N,N,,JS,
effie_028,2,,,L2_8,Y,N,N,N,short look,JS,
effie_028,3,,,L2_8,Y,N,N,N,"short look, looked back at mom",JS,
effie_028,4,,,L2_8,Y,N,N,N,,JS,
effie_028,5,,,L2_8,Y,N,N,N,,JS,
effie_028,6,,,L2_8,Y,N,N,N,"squirmy, looked at mom",JS,
effie_028,7,,,L2_8,Y,N,N,N,,JS,
effie_028,8,,,L2_8,Y,N,N,N,,JS,
effie_028,9,,,L2_8,Y,N,N,N,,JS,
effie_028,10,,,L2_8,Y,N,N,N,,JS,
effie_028,11,,,L2_8,Y,N,N,N,,JS,
effie_028,12,,,L2_8,Y,N,N,N,squirmy,JS,
effie_028,13,,,L2_8,Y,N,N,N,,JS,
effie_028,14,,,L2_8,,,,N,MZ: trial apparently not coded/ missed by coder,JS,
effie_029,1,,,L1_2,Y,N,N,N,,JS,
effie_029,2,,,L1_2,Y,N,N,N,,JS,
effie_029,3,,,L1_2,Y,N,N,N,,JS,
effie_029,4,,,L1_2,Y,N,N,N,,JS,
effie_029,5,,,L1_2,Y,N,Y,N,was standing on parent's legs and kind of toppled over and looked at feet,JS,
effie_029,6,,,L1_2,Y,N,N,N,,JS,
effie_029,7,,,L1_2,Y,N,N,N,,JS,
effie_029,8,,,L1_2,Y,N,N,N,,JS,
effie_029,9,,,L1_2,Y,N,N,N,,JS,
effie_029,10,,,L1_2,Y,N,N,N,,JS,
effie_029,11,,,L1_2,Y,N,Y,N,fussy; not paying attention; trial ended right away,JS,
effie_029,12,,,L1_2,Y,N,Y,Y,"started crying, not paying attention (listened to audio)",JS,
effie_029,13,,,L1_2,Y,N,Y,Y,crying/ fussy (listened to audio),JS,
effie_030,1,,,L1_8,Y,N,N,N,squirmy ( was squirmy during practice trials); MZ edit: added NA's for trials not presented,JS,
effie_030,2,,,L1_8,Y,N,Y,Y,"squirmy, turned around to face mom",JS,
effie_030,3,,,L1_8,Y,N,Y,Y,"wouldn't sit still, squirmy, experiment ends after this trial",JS,
effie_030,4,,,L1_8,N,,,NA, MZ edit: added NA's for trials not presented,JS;MZ,
effie_030,5,,,L1_8,N,,,NA, MZ edit: added NA's for trials not presented,JS;MZ,
effie_030,6,,,L1_8,N,,,NA, MZ edit: added NA's for trials not presented,JS;MZ,
effie_030,7,,,L1_8,N,,,NA, MZ edit: added NA's for trials not presented,JS;MZ,
effie_030,8,,,L1_8,N,,,NA, MZ edit: added NA's for trials not presented,JS;MZ,
effie_030,9,,,L1_8,N,,,NA, MZ edit: added NA's for trials not presented,JS;MZ,
effie_030,10,,,L1_8,N,,,NA, MZ edit: added NA's for trials not presented,JS;MZ,
effie_030,11,,,L1_8,N,,,NA, MZ edit: added NA's for trials not presented,JS;MZ,
effie_030,12,,,L1_8,N,,,NA, MZ edit: added NA's for trials not presented,JS;MZ,
effie_031,1,,,L2_2,Y,N,N,N,This video was hard to code because the baby looks at the screen for like 1 second and then is REALLY squirmy for every trial.  Would be helpful to have someone else watch it. ,JS,
effie_031,2,,,L2_2,Y,N,N,N,squirmy and mom and had to lift her up,JS,
effie_031,3,,,L2_2,Y,N,N,N,squirmy and looked back at mom,JS,
effie_031,4,,,L2_2,Y,N,N,N,,JS,
effie_031,5,,,L2_2,Y,N,N,N,"squirmy, didn't seem attentive",JS,
effie_031,6,,,L2_2,Y,N,N,N,VERY squirmy,JS,
effie_031,7,,,L2_2,Y,N,Y,N,VERY squirmy,JS,
effie_031,8,,,L2_2,Y,N,N,N,,JS,
effie_031,9,,,L2_2,Y,N,N,N,also very squirmy,JS,
effie_031,10,,,L2_2,Y,N,N,N,so squirmy,JS,
effie_031,11,,,L2_2,Y,N,N,N,"so squirmy, like trying to get out of mom's grasp",JS,
effie_031,12,,,L2_2,Y,N,N,N,,JS,
effie_031,13,,,L2_2,Y,N,N,N,Additional trial ,JS,
effie_031,14,,,L2_2,Y,N,Y,N,Additional trial; MZ edit: baby is fussy but no obvious issue - changed to N,JS; MZ,
effie_031,15,,,L2_2,Y,N,Y,N,"chewing hand, looking at ceiling. Additional trial;  MZ edit: baby is fussy but no obvious issue - changed to N",JS; MZ,
effie_031,16,,,L2_2,Y,N,Y,N,squirmy and looking at mom,JS,
effie_031,17,,,L2_2,Y,N,N,N,Additional trial. Additional trial ,JS,
effie_031,18,,,L2_2,Y,N,Y,N,Additional trial ,JS,
effie_032,1,,,L2_8,Y,N,N,N,,JS,
effie_032,2,,,L2_8,Y,N,N,N,,JS,
effie_032,3,,,L2_8,Y,N,N,N,,JS,
effie_032,4,,,L2_8,Y,N,N,N,,JS,
effie_032,5,,,L2_8,Y,N,N,N,,JS,
effie_032,6,,,L2_8,Y,N,N,N,,JS,
effie_032,7,,,L2_8,Y,N,N,N,,JS,
effie_032,8,,,L2_8,Y,N,N,N,,JS,
effie_032,9,,,L2_8,Y,N,N,N,,JS,
effie_032,10,,,L2_8,Y,N,N,N,,JS,
effie_032,11,,,L2_8,Y,N,N,N,,JS,
effie_032,12,,,L2_8,Y,N,N,N,This trial was REALLY long. it took the baby a very long time to look at the spinner. ,JS,
effie_033,1,,,,,,,,,,
effie_033,2,,,,,,,,,,
effie_033,3,,,,,,,,,,
effie_033,4,,,,,,,,,,
effie_033,5,,,,,,,,,,
effie_033,6,,,,,,,,,,
effie_033,7,,,,,,,,,,
effie_033,8,,,,,,,,,,
effie_033,9,,,,,,,,,,
effie_033,10,,,,,,,,,,
effie_033,11,,,,,,,,,,
effie_033,12,,,,,,,,,,
effie_034,1,,,L1_8,Y,N,N,N,"all good, no issues. Baby slid down and was laying on parents lap, but still attentive. ",JS,
effie_034,2,,,L1_8,Y,N,N,N,,JS,
effie_034,3,,,L1_8,Y,N,N,N,,JS,
effie_034,4,,,L1_8,Y,N,N,N,,JS,
effie_034,5,,,L1_8,Y,N,N,N,,JS,
effie_034,6,,,L1_8,Y,N,N,N,,JS,
effie_034,7,,,L1_8,Y,N,N,N,,JS,
effie_034,8,,,L1_8,Y,N,N,N,,JS,
effie_034,9,,,L1_8,Y,N,N,N,,JS,
effie_034,10,,,L1_8,Y,N,N,N,,JS,
effie_034,11,,,L1_8,Y,N,N,N,,JS,
effie_034,12,,,L1_8,Y,N,N,N,,JS,
effie_035,1,,,L2_2,Y,N,N,N,Good,JS,
effie_035,2,,,L2_2,Y,N,N,N,,JS,
effie_035,3,,,L2_2,Y,N,N,N,,JS,
effie_035,4,,,L2_2,Y,N,N,N,,JS,
effie_035,5,,,L2_2,Y,N,N,N,,JS,
effie_035,6,,,L2_2,Y,N,N,N,,JS,
effie_035,7,,,L2_2,Y,N,N,N,,JS,
effie_035,8,,,L2_2,Y,N,N,N,,JS,
effie_035,9,,,L2_2,Y,N,N,N,,JS,
effie_035,10,,,L2_2,Y,N,N,N,,JS,
effie_035,11,,,L2_2,Y,N,N,N,,JS,
effie_035,12,,,L2_2,Y,N,N,N,,JS,
effie_036,1,,,L2_8,Y,N,N,N,"good; short looks, but not fussy",JS,
effie_036,2,,,L2_8,Y,N,N,N,,JS,
effie_036,3,,,L2_8,Y,N,N,N,,JS,
effie_036,4,,,L2_8,Y,N,N,N,,JS,
effie_036,5,,,L2_8,Y,N,N,N,,JS,
effie_036,6,,,L2_8,Y,N,N,N,,JS,
effie_036,7,,,L2_8,Y,N,N,N,,JS,
effie_036,8,,,L2_8,Y,N,N,N,,JS,
effie_036,9,,,L2_8,Y,N,N,N,,JS,
effie_036,10,,,L2_8,Y,N,N,N,,JS,
effie_036,11,,,L2_8,Y,N,N,N,,JS,
effie_036,12,,,L2_8,Y,N,N,N,,JS,
effie_036,13,,,L2_8,Y,N,N,N,additional trial,JS,
effie_036,14,,,L2_8,Y,N,N,N,additional trial,JS,
effie_037,1,,,L1_2,Y,N,N,N,good! no issues,JS,
effie_037,2,,,L1_2,Y,N,N,N,,JS,
effie_037,3,,,L1_2,Y,N,N,N,,JS,
effie_037,4,,,L1_2,Y,N,N,N,,JS,
effie_037,5,,,L1_2,Y,N,N,N,,JS,
effie_037,6,,,L1_2,Y,N,N,N,,JS,
effie_037,7,,,L1_2,Y,N,N,N,,JS,
effie_037,8,,,L1_2,Y,N,N,N,,JS,
effie_037,9,,,L1_2,Y,N,N,N,,JS,
effie_037,10,,,L1_2,Y,N,N,N,,JS,
effie_037,11,,,L1_2,Y,N,N,N,,JS,
effie_037,12,,,L1_2,Y,N,N,N,,JS,
effie_037,13,,,L1_2,Y,N,N,N,additional trial,JS,
effie_038,1,,,L1_8,Y,N,N,N,MZ: edit -  technical issue leads to absence of trial 8; all subsequent trials excluded due to long gap/ disruption of test trials (excluded due to technical issue),JS; MZ,
effie_038,2,,,L1_8,Y,N,N,N,,JS; MZ,
effie_038,3,,,L1_8,Y,N,N,N,,JS; MZ,
effie_038,4,,,L1_8,Y,N,N,N,,JS; MZ,
effie_038,5,,,L1_8,Y,N,N,N,,JS; MZ,
effie_038,6,,,L1_8,Y,N,N,N,,JS; MZ,
effie_038,7,,,L1_8,Y,N,N,N,"after this trial ends, the center spinner does not appear right away. The center spinner appears at 5:04. The trial ends at 4:28. So about ~30 of nothing. ",JS; MZ,
effie_038,8,,,L1_8,N,NA,NA,NA,technical error,JS; MZ,
effie_038,9,,,L1_8,Y,N,N,Y,technical error,JS; MZ,
effie_038,10,,,L1_8,Y,N,N,Y,technical error,JS; MZ,
effie_038,11,,,L1_8,Y,N,N,Y,technical error,JS; MZ,
effie_038,12,,,L1_8,Y,N,N,Y,technical error,JS; MZ,
effie_039,1,,,L2_2,Y,N,N,N,"good, no issues; MZ: audio condition verified",JS; MZ,
effie_039,2,,,L2_2,Y,N,N,N,,JS; MZ,
effie_039,3,,,L2_2,Y,N,N,N,,JS; MZ,
effie_039,4,,,L2_2,Y,N,N,N,,JS; MZ,
effie_039,5,,,L2_2,Y,N,N,N,,JS; MZ,
effie_039,6,,,L2_2,Y,N,N,N,,JS; MZ,
effie_039,7,,,L2_2,Y,N,N,N,,JS; MZ,
effie_039,8,,,L2_2,Y,N,N,N,,JS; MZ,
effie_039,9,,,L2_2,Y,N,N,N,,JS; MZ,
effie_039,10,,,L2_2,Y,N,N,N,,JS; MZ,
effie_039,11,,,L2_2,Y,N,N,N,,JS; MZ,
effie_039,12,,,L2_2,Y,N,N,N,,JS; MZ,
effie_040,1,,,L2-8,N,,,NA,baby fussed out before trials began; edit MZ: added NA for excludeTrial,JS; MZ,
effie_040,2,,,,N,,,NA,,JS; MZ,
effie_040,3,,,,N,,,NA,,JS; MZ,
effie_040,4,,,,N,,,NA,,JS; MZ,
effie_040,5,,,,N,,,NA,,JS; MZ,
effie_040,6,,,,N,,,NA,,JS; MZ,
effie_040,7,,,,N,,,NA,,JS; MZ,
effie_040,8,,,,N,,,NA,,JS; MZ,
effie_040,9,,,,N,,,NA,,JS; MZ,
effie_040,10,,,,N,,,NA,,JS; MZ,
effie_040,11,,,,N,,,NA,,JS; MZ,
effie_040,12,,,,N,,,NA,,JS; MZ,
effie_041,1,,,L1_2,Y,N,N,N,"good, no issues",JS,
effie_041,2,,,L1_2,Y,N,N,N,,JS,
effie_041,3,,,L1_2,Y,N,N,N,,JS,
effie_041,4,,,L1_2,Y,N,N,N,,JS,
effie_041,5,,,L1_2,Y,N,N,N,,JS,
effie_041,6,,,L1_2,Y,N,N,N,,JS,
effie_041,7,,,L1_2,Y,N,N,N,,JS,
effie_041,8,,,L1_2,Y,N,N,N,,JS,
effie_041,9,,,L1_2,Y,N,N,N,,JS,
effie_041,10,,,L1_2,Y,N,N,N,,JS,
effie_041,11,,,L1_2,Y,N,N,N,,JS,
effie_041,12,,,L1_2,Y,N,N,N,,JS,
effie_041,13,,,L1_2,Y,N,N,N,additional trial,JS,
effie_041,14,,,L1_2,Y,N,N,N,additional trial,JS,
effie_042,1,,,L1_2,Y,N,N,N,,JS,
effie_042,2,,,L1_2,Y,N,N,N,,JS,
effie_042,3,,,L1_2,Y,N,N,N,,JS,
effie_042,4,,,L1_2,Y,N,N,N,,JS,
effie_042,5,,,L1_2,Y,N,N,N,,JS,
effie_042,6,,,L1_2,Y,N,N,N,,JS,
effie_042,7,,,L1_2,Y,N,N,N,,JS,
effie_042,8,,,L1_2,Y,N,N,N,was waving her hand and might have been a little distracted,JS,
effie_042,9,,,L1_2,Y,N,N,N,,JS,
effie_042,10,,,L1_2,Y,N,N,N,,JS,
effie_042,11,,,L1_2,Y,N,N,N,,JS,
effie_042,12,,,L1_2,Y,N,N,N,"was waving her hand for most of the trial. She looked at the spinner for maybe 3 seconds? Trial starts at 5:27; MZ: child is distracted, but seems ok - changed to N",JS,
effie_042,13,,,L1_2,Y,N,N,N,Additional trial,JS,
effie_043,1,,,L2_2,Y,N,N,N,"great, no issues",JS,
effie_043,2,,,L2_2,Y,N,N,N,,JS,
effie_043,3,,,L2_2,Y,N,N,N,,JS,
effie_043,4,,,L2_2,Y,N,N,N,,JS,
effie_043,5,,,L2_2,Y,N,N,N,,JS,
effie_043,6,,,L2_2,Y,N,N,N,,JS,
effie_043,7,,,L2_2,Y,N,N,N,,JS,
effie_043,8,,,L2_2,Y,N,N,N,,JS,
effie_043,9,,,L2_2,Y,N,N,N,,JS,
effie_043,10,,,L2_2,Y,N,N,N,,JS,
effie_043,11,,,L2_2,Y,N,N,N,,JS,
effie_043,12,,,L2_2,Y,N,N,N,,JS,
effie_044,1,,,L2_8,Y,N,N,N,"good, no issues",JS,
effie_044,2,,,L2_8,Y,N,N,N,,JS,
effie_044,3,,,L2_8,Y,N,N,N,,JS,
effie_044,4,,,L2_8,Y,N,N,N,,JS,
effie_044,5,,,L2_8,Y,N,N,N,,JS,
effie_044,6,,,L2_8,Y,N,N,N,,JS,
effie_044,7,,,L2_8,Y,N,N,N,,JS,
effie_044,8,,,L2_8,Y,N,N,N,,JS,
effie_044,9,,,L2_8,Y,N,N,N,,JS,
effie_044,10,,,L2_8,Y,N,N,N,,JS,
effie_044,11,,,L2_8,Y,N,N,N,,JS,
effie_044,12,,,L2_8,Y,N,N,N,,JS,
effie_045,1,,,L1_2,Y,N,N,N,good no issues,JS,
effie_045,2,,,L1_2,Y,N,N,N,,JS,
effie_045,3,,,L1_2,Y,N,N,N,,JS,
effie_045,4,,,L1_2,Y,N,N,N,,JS,
effie_045,5,,,L1_2,Y,N,N,N,,JS,
effie_045,6,,,L1_2,Y,N,N,N,,JS,
effie_045,7,,,L1_2,Y,N,N,N,,JS,
effie_045,8,,,L1_2,Y,N,N,N,,JS,
effie_045,9,,,L1_2,Y,N,N,N,,JS,
effie_045,10,,,L1_2,Y,N,N,N,,JS,
effie_045,11,,,L1_2,Y,N,N,N,,JS,
effie_045,12,,,L1_2,Y,N,N,N,,JS,
effie_045,13,,,L1_2,Y,N,N,N,additional trial ,JS,
effie_045,14,,,L1_2,Y,N,N,N,additional trial ,JS,
effie_046,1,,,L1_8,Y,N,N,N,MZ edit: coder appears to have inadvertently begun by coding familiarization trials - trial numbering adjusted accordingly,EK; MZ,
effie_046,2,,,L1_8,Y,N,N,N,Great long looks,EK; MZ,
effie_046,3,,,L1_8,Y,N,N,N,Took a really long time to look over to the side. Little squirmy but attentive,EK; MZ,
effie_046,4,,,L1_8,Y,N,N,N,"Little squirmy, parent had to lift up and readjust",EK; MZ,
effie_046,5,,,L1_8,Y,N,N,N,"Little squirmy but attentive , parent had to lift up and readjust.",EK; MZ,
effie_046,6,,,L1_8,Y,N,N,N,,EK; MZ,
effie_046,7,,,L1_8,Y,N,N,N,,EK; MZ,
effie_046,8,,,L1_8,Y,N,N,N,,EK; MZ,
effie_046,9,,,L1_8,Y,N,N,N,5.10. Baby seemed to spit up or drool towards the end of the trial. Parent and Baby distracted ,EK; MZ,
effie_046,10,,,L1_8,Y,N,N,N,5.23 Maybe have been a little distracted by parent at the end of the trial,EK; MZ,
effie_046,11,,,L1_8,Y,N,N,N,,EK; MZ,
effie_046,12,,,L1_8,Y,N,N,N,MZ edit: not an additional trial,EK; MZ,
effie_047,1,,,L2_2,Y,N,N,N, Great looks throughout the video; MZ edit: coder appears to have inadvertently begun by coding familiarization trials - trial numbering adjusted accordingly,EK; MZ,
effie_047,2,,,L2_2,Y,N,N,N,,EK; MZ,
effie_047,3,,,L2_2,Y,N,N,N,,EK; MZ,
effie_047,4,,,L2_2,Y,N,N,N,,EK; MZ,
effie_047,5,,,L2_2,Y,N,N,N,,EK; MZ,
effie_047,6,,,L2_2,Y,N,N,N,,EK; MZ,
effie_047,7,,,L2_2,Y,N,N,N,,EK; MZ,
effie_047,8,,,L2_2,Y,N,N,N,,EK; MZ,
effie_047,9,,,L2_2,Y,N,N,N,,EK; MZ,
effie_047,10,,,L2_2,Y,N,N,N,,EK; MZ,
effie_047,11,,,L2_2,Y,N,N,N,,EK; MZ,
effie_047,12,,,L2_2,Y,N,N,N,MZ edit: not an additional trial,EK; MZ,
effie_048,1,,,L2_8,Y,N,N,N,"Great throughout the video. Shorter looks, would turn away and look back rapidly quite a few times in most trials; MZ edit: coder appears to have inadvertently begun by coding familiarization trials - trial numbering adjusted accordingly",EK; MZ,
effie_048,2,,,L2_8,Y,N,N,N,,EK; MZ,
effie_048,3,,,L2_8,Y,N,N,N,,EK; MZ,
effie_048,4,,,L2_8,Y,N,N,N,,EK; MZ,
effie_048,5,,,L2_8,Y,N,N,N,,EK; MZ,
effie_048,6,,,L2_8,Y,N,N,N,MZ edit: added Y for trialPresent,EK; MZ,
effie_048,7,,,L2_8,Y,N,N,N,,EK; MZ,
effie_048,8,,,L2_8,Y,N,N,N,MZ edit: not an additional trial,EK; MZ,
effie_048,9,,,L2_8,Y,N,N,N,MZ edit: not an additional trial,EK; MZ,
effie_048,10,,,L2_8,Y,N,N,N,MZ edit: not an additional trial,EK; MZ,
effie_048,11,,,L2_8,Y,N,N,N,MZ edit: not an additional trial,EK; MZ,
effie_048,12,,,L2_8,Y,N,N,N,MZ edit: not an additional trial,EK; MZ,
effie_048,13,,,L2_8,Y,N,N,N,Additional trial,EK; MZ,
effie_048,14,,,L2_8,Y,N,N,N,Additional trial,EK; MZ,
effie_049,1,,,L1_2,Y,N,N,N,Really good looks; MZ edit: coder appears to have inadvertently begun by coding familiarization trials - trial numbering adjusted accordingly,EK; MZ,
effie_049,2,,,L1_2,Y,N,N,N,,EK; MZ,
effie_049,3,,,L1_2,Y,N,N,N,,EK; MZ,
effie_049,4,,,L1_2,Y,N,N,N,Starting to get a little fussy at the end of the trail,EK; MZ,
effie_049,5,,,L1_2,Y,N,N,N,Mom had to readjust on her lap. Took a while to look at the screen ,EK; MZ,
effie_049,6,,,L1_2,Y,N,Y,Y,Began to get very fussy. Not concentrating on the stimulus ,EK; MZ,
effie_049,7,,,L1_2,Y,N,Y,Y,Looked back towards the mom right away. Not focusing on the stimulus ,EK; MZ,
effie_049,8,,,L1_2,Y,N,Y,Y,"Very Fussy, not focusing on the stimlus ",EK; MZ,
effie_049,9,,,L1_2,Y,N,Y,Y,"Very Fussy, May be crying a little, not focusing on the stimulus. Additional trial. Subject log said he fussed out but it seems that he made it throught most of the trials (MZ note: this is because the coder accidentally coded familiarization trials)",EK; MZ,
effie_050,1,,,L1_8,Y,N,N,N,One short look; MZ edit: coder appears to have inadvertently begun by coding familiarization trials - trial numbering adjusted accordingly,EK; MZ,
effie_050,2,,,L1_8,Y,N,N,N,,EK; MZ,
effie_050,3,,,L1_8,Y,N,N,N,,EK; MZ,
effie_050,4,,,L1_8,Y,N,N,N,,EK; MZ,
effie_050,5,,,L1_8,Y,N,N,N,,EK; MZ,
effie_050,6,,,L1_8,Y,N,N,N,One short look,EK; MZ,
effie_050,7,,,L1_8,Y,N,N,N,,EK; MZ,
effie_050,8,,,L1_8,Y,N,N,N,,EK; MZ,
effie_050,9,,,L1_8,Y,N,N,N,One short look. MZ edit: not an additional trial,EK; MZ,
effie_050,10,,,L1_8,Y,N,N,N,MZ edit: not an additional trial,EK; MZ,
effie_050,11,,,L1_8,Y,N,N,N,Leaned far down on parents lap. Mom had to readjust her on her lap. MZ edit: not an additional trial,EK; MZ,
effie_050,12,,,L1_8,Y,N,N,N,One short look. MZ edit: not an additional trial,EK; MZ,
effie_050,13,,,L1_8,Y,N,N,N,One short look. Additional trial,EK; MZ,
effie_050,14,,,L1_8,Y,N,N,N,Took a very long time to look at the screen. She turned around and was squirmy for a while before looking. Additional Trial,EK; MZ,
effie_051,1,,,L2_2,Y,N,N,Y ,MZ edit: coder appears to have inadvertently begun by coding familiarization trials - trial numbering adjusted accordingly; MZ: experimenter error on this trial - trial triggered before ,EK; MZ,
effie_051,2,,,L2_2,Y,N,N,N,Lots of short glances at the screen. Turned around towards the parent ,EK; MZ,
effie_051,3,,,L2_2,Y,N,N,N,,EK; MZ,
effie_051,4,,,L2_2,Y,N,N,N,Turned to look back at the floor at the end ,EK; MZ,
effie_051,5,,,L2_2,Y,N,N,N,,EK; MZ,
effie_051,6,,,L2_2,Y,N,N,N,,EK; MZ,
effie_051,7,,,L2_2,Y,N,N,N,,EK; MZ,
effie_051,8,,,L2_2,Y,N,N,N,,EK; MZ,
effie_051,9,,,L2_2,Y,N,N,N,Parent had to readjust the child in their lap,EK; MZ,
effie_051,10,,,L2_2,Y,N,N,N,,EK; MZ,
effie_051,11,,,L2_2,Y,N,N,N,,EK; MZ,
effie_051,12,,,L2_2,Y,N,N,N,MZ edit: not an additional trial. Parent stood the child up on their lap,EK; MZ,
effie_052,1,,,L2_8,Y,N,N,N,MZ edit: coder appears to have inadvertently begun by coding familiarization trials - trial numbering adjusted accordingly; Turned back towards mom. Mom made silly/funnny face at child ,EK; MZ,
effie_052,2,,,L2_8,Y,N,N,N,,EK; MZ,
effie_052,3,,,L2_8,Y,N,N,N,Turned back towards mom and the mom appears to talk to the child. Mom made silly/funnny face at child; MZ: seems ok - after trial was ending - changed to N,EK; MZ,
effie_052,4,,,L2_8,Y,N,N,N,,EK; MZ,
effie_052,5,,,L2_8,Y,N,N,N,,EK; MZ,
effie_052,6,,,L2_8,Y,N,N,N,Mom kissed top of the child's head and seemed to distract her a bit,EK; MZ,
effie_052,7,,,L2_8,Y,N,N,N,Turned back towards mom. Distracted by her hair briefly but then really interested in the screen,EK; MZ,
effie_052,8,,,L2_8,Y,N,N,N, Turned back to mom. Mom made a silly/funny face at the child,EK; MZ,
effie_052,9,,,L2_8,Y,N,N,N,,EK; MZ,
effie_052,10,,,L2_8,Y,N,N,N,MZ edit: not an additional trial,EK; MZ,
effie_052,11,,,L2_8,Y,N,N,N,MZ edit: not an additional trial,EK; MZ,
effie_052,12,,,L2_8,Y,N,N,N,MZ edit: not an additional trial,EK; MZ,
effie_053,1,,,L1_2,Y,N,N,N,Good looks. Was really leaning in towards the screen several times. Must have been seated/ standing far up on Moms lap beacause it seems that the child is looking back quite far to see the screens; MZ edit: coder appears to have inadvertently begun by coding familiarization trials - trial numbering adjusted accordingly,EK; MZ,
effie_053,2,,,L1_2,Y,N,N,N,,EK; MZ,
effie_053,3,,,L1_2,Y,N,N,N,,EK; MZ,
effie_053,4,,,L1_2,Y,N,N,N,,EK; MZ,
effie_053,5,,,L1_2,Y,N,N,N,,EK; MZ,
effie_053,6,,,L1_2,Y,N,N,N,,EK; MZ,
effie_053,7,,,L1_2,Y,N,N,N,"Mom appears to have said a simple word, like ""yeah"" to the child; MZ edit: seems ok, edited to N",EK; MZ,
effie_053,8,,,L1_2,Y,N,N,N,,EK; MZ,
effie_053,9,,,L1_2,Y,N,N,N,,EK; MZ,
effie_053,10,,,L1_2,Y,N,N,N,,EK; MZ,
effie_053,11,,,L1_2,Y,N,N,N,,EK; MZ,
effie_053,12,,,L1_2,Y,N,N,N,,EK; MZ,
effie_054,1,,,L1_8,Y,N,N,N,Great Looks throughtout all the trials;  MZ edit: coder appears to have inadvertently begun by coding familiarization trials - trial numbering adjusted accordingly,EK; MZ,
effie_054,2,,,L1_8,Y,N,N,N,,EK; MZ,
effie_054,3,,,L1_8,Y,N,N,N,,EK; MZ,
effie_054,4,,,L1_8,Y,N,N,N,,EK; MZ,
effie_054,5,,,L1_8,Y,N,N,N,,EK; MZ,
effie_054,6,,,L1_8,Y,N,N,N,,EK; MZ,
effie_054,7,,,L1_8,Y,N,N,N,,EK; MZ,
effie_054,8,,,L1_8,Y,N,N,N,MZ edit: comment made for incorrect trial (should be trial 11),EK; MZ,
effie_054,9,,,L1_8,Y,N,N,N,,EK; MZ,
effie_054,10,,,L1_8,Y,N,N,N,MZ edit: not an additional trial,EK; MZ,
effie_054,11,,,L1_8,Y,N,N,N,MZ edit: not an additional trial; Subject log made a note about lifting finger off of the key too early but it did not seem to effect the trial and didn't end it ,EK; MZ,
effie_054,12,,,L1_8,Y,N,N,N,MZ edit: not an additional trial,EK; MZ,
effie_055,1,,,L2_2,Y,N,N,N,Good Looks throughout the trials; MZ edit: coder appears to have inadvertently begun by coding familiarization trials - trial numbering adjusted accordingly,EK; MZ,
effie_055,2,,,L2_2,Y,N,N,N,,EK; MZ,
effie_055,3,,,L2_2,Y,N,N,N,,EK; MZ,
effie_055,4,,,L2_2,Y,N,N,N,,EK; MZ,
effie_055,5,,,L2_2,Y,N,N,N,,EK; MZ,
effie_055,6,,,L2_2,Y,N,N,N,,EK; MZ,
effie_055,7,,,L2_2,Y,N,N,N,,EK; MZ,
effie_055,8,,,L2_2,Y,N,N,N,,EK; MZ,
effie_055,9,,,L2_2,Y,N,N,N,,EK; MZ,
effie_055,10,,,L2_2,Y,N,N,N,,EK; MZ,
effie_055,11,,,L2_2,Y,N,N,N,,EK; MZ,
effie_055,12,,,L2_2,Y,N,N,N,A little squimy in some trials but was engaged in the video and not distracted ,EK; MZ,
effie_056,1,,,L2_8,Y,N,N,N,Center spinner seemed to play twice. It disappeared and then came back up; MZ edit: no issue - coder accidentally started coding during the familiarization phase - this was the first test trial (started after ending familiarization phase) - coding updated accordingly,EK;MZ,
effie_056,2,,,L2_8,Y,N,N,N,,EK;MZ,
effie_056,3,,,L2_8,Y,N,N,N,,EK;MZ,
effie_056,4,,,L2_8,Y,N,N,N,,EK;MZ,
effie_056,5,,,L2_8,Y,N,N,N,,EK;MZ,
effie_056,6,,,L2_8,Y,N,N,N,,EK;MZ,
effie_056,7,,,L2_8,Y,N,N,N,,EK;MZ,
effie_056,8,,,L2_8,Y,N,N,N,,EK;MZ,
effie_056,9,,,L2_8,Y,N,N,N,,EK;MZ,
effie_056,10,,,L2_8,Y,N,N,N,MZ edit: not an additional trial,EK;MZ,
effie_056,11,,,L2_8,Y,N,N,N,MZ edit: not an additional trial,EK;MZ,
effie_056,12,,,L2_8,Y,N,N,N,MZ edit: not an additional trial,EK;MZ,
effie_057,1,,,L1_2,Y,N,N,N,Really great for the whole session!;  MZ edit: coder appears to have inadvertently begun by coding familiarization trials - trial numbering adjusted accordingly,EK;MZ,
effie_057,2,,,L1_2,Y,N,N,N,,EK;MZ,
effie_057,3,,,L1_2,Y,N,N,N,,EK;MZ,
effie_057,4,,,L1_2,Y,N,N,N,,EK;MZ,
effie_057,5,,,L1_2,Y,N,N,N,,EK;MZ,
effie_057,6,,,L1_2,Y,N,N,N,,EK;MZ,
effie_057,7,,,L1_2,Y,N,N,N,,EK;MZ,
effie_057,8,,,L1_2,Y,N,N,N,,EK;MZ,
effie_057,9,,,L1_2,Y,N,N,N,,EK;MZ,
effie_057,10,,,L1_2,Y,N,N,N,MZ edit: not an additional trial,EK;MZ,
effie_057,11,,,L1_2,Y,N,N,N,MZ edit: not an additional trial,EK;MZ,
effie_057,12,,,L1_2,Y,N,N,N,MZ edit: not an additional trial,EK;MZ,
effie_058,1,,,L1_8,Y,N,N,N,"MZ edit: coder appears to have inadvertently begun by coding familiarization trials - trial numbering adjusted accordingly; as noted in the subject log, experimenter didn't realize they had not yet advanced to the test phase on the last ""familiarization"" trial, leading to a ~25s delay between training and test onset",EK;MZ,
effie_058,2,,,L1_8,Y,N,N,N,,EK;MZ,
effie_058,3,,,L1_8,Y,N,N,N,,EK;MZ,
effie_058,4,,,L1_8,Y,N,N,N,,EK;MZ,
effie_058,5,,,L1_8,Y,N,N,N,,EK;MZ,
effie_058,6,,,L1_8,Y,N,N,N,,EK;MZ,
effie_058,7,,,L1_8,Y,N,N,N,,EK;MZ,
effie_058,8,,,L1_8,Y,N,N,N,,EK;MZ,
effie_058,9,,,L1_8,Y,N,N,N,,EK;MZ,
effie_058,10,,,L1_8,Y,N,N,N,MZ edit: not an additional trial,EK;MZ,
effie_058,11,,,L1_8,Y,N,N,N,MZ edit: not an additional trial,EK;MZ,
effie_058,12,,,L1_8,Y,N,N,N,MZ edit: not an additional trial,EK;MZ,
effie_058,13,,,L1_8,Y,N,N,N,Additional Trial,EK;MZ,
effie_058,14,,,L1_8,Y,N,N,N,Additional Trial,EK;MZ,
effie_059,1,,,L2_2,Y,N,N,N,MZ edit: coder appears to have inadvertently begun by coding familiarization trials - trial numbering adjusted accordingly,EK;MZ,
effie_059,2,,,L2_2,Y,N,N,N,,EK;MZ,
effie_059,3,,,L2_2,Y,N,N,N,,EK;MZ,
effie_059,4,,,L2_2,Y,N,N,N,,EK;MZ,
effie_059,5,,,L2_2,Y,N,N,N,,EK;MZ,
effie_059,6,,,L2_2,Y,N,N,N,,EK;MZ,
effie_059,7,,,L2_2,Y,N,N,N,,EK;MZ,
effie_059,8,,,L2_2,Y,N,N,N,,EK;MZ,
effie_059,9,,,L2_2,Y,N,N,N,,EK;MZ,
effie_059,10,,,L2_2,Y,N,N,N,"Starting to get a little fussy, took a while to look and the screen and eventually turned towards mom",EK;MZ,
effie_059,11,,,L2_2,Y,N,Y,Y,"Really fussy, turning towards mom frequently and not interested in the stimuli ",EK;MZ,
effie_059,12,,,L2_2,Y,N,Y,Y,Still squirmy. Not interested in the stimuli,EK;MZ,
effie_059,13,,,L2_2,Y,N,N,N,A little squirmy still but paying attention,EK;MZ,
effie_059,14,,,L2_2,Y,N,Y,Y,Still squirmy and fussy. Not interested in the stimuli,EK;MZ,
effie_059,15,,,L2_2,Y,N,Y,Y,Experimentor ended the trial and session.Said there were three more trials left,EK;MZ,
effie_060,1,,,L2_8,Y,N,N,N,,JS,
effie_060,2,,,L2_8,Y,N,N,N,,JS,
effie_060,3,,,L2_8,Y,N,N,N,,JS,
effie_060,4,,,L2_8,Y,N,N,N,,JS,
effie_060,5,,,L2_8,Y,N,N,N,,JS,
effie_060,6,,,L2_8,Y,N,N,N,,JS,
effie_060,7,,,L2_8,Y,N,N,N,,JS,
effie_060,8,,,L2_8,Y,N,N,N,,JS,
effie_060,9,,,L2_8,Y,N,N,N,,JS,
effie_060,10,,,L2_8,Y,N,N,N,,JS,
effie_060,11,,,L2_8,Y,N,N,N,,JS,
effie_060,12,,,L2_8,Y,N,N,N,A little squirmy,JS,
effie_061,1,,,L1_2,Y,N,N,N,MZ note: there appears to be an issue on this trial - trial ends while infant is still watching. Child was pretty squirmy throughout the whole session but whenever he was looking at the screen he seemed engaged and interested; MZ edit: coder appears to have inadvertently begun by coding familiarization trials - trial numbering adjusted accordingly,EK;MZ,
effie_061,2,,,L1_2,Y,N,N,N,,EK;MZ,
effie_061,3,,,L1_2,Y,N,N,N,,EK;MZ,
effie_061,4,,,L1_2,Y,N,N,N,,EK;MZ,
effie_061,5,,,L1_2,Y,N,N,N,,EK;MZ,
effie_061,6,,,L1_2,Y,N,N,N,,EK;MZ,
effie_061,7,,,L1_2,Y,N,N,N,,EK;MZ,
effie_061,8,,,L1_2,Y,N,N,N,,EK;MZ,
effie_061,9,,,L1_2,Y,N,N,N,MZ edit: not an additional trial,EK;MZ,
effie_061,10,,,L1_2,Y,N,N,N,MZ edit: not an additional trial,EK;MZ,
effie_061,11,,,L1_2,Y,N,N,N,MZ edit: not an additional trial,EK;MZ,
effie_061,12,,,L1_2,Y,N,N,N,MZ edit: not an additional trial,EK;MZ,
effie_061,13,,,L1_2,Y,N,N,N,Additional Trial,EK;MZ,
effie_061,14,,,L1_2,Y,N,N,N,Additional Trial,EK;MZ,
effie_062,1,,,L1_8,Y,N,N,N,Baby was a little squirmy but seemed interested and engaged in the stimuli thoughout the whole session. Child would often turn back towards the mother. There were a lot a brief looks in the trials closer to the end;  MZ edit: coder appears to have inadvertently begun by coding familiarization trials - trial numbering adjusted accordingly,EK;MZ,
effie_062,2,,,L1_8,Y,N,N,N,,EK;MZ,
effie_062,3,,,L1_8,Y,N,N,N,,EK;MZ,
effie_062,4,,,L1_8,Y,N,N,N,,EK;MZ,
effie_062,5,,,L1_8,Y,N,N,N,,EK;MZ,
effie_062,6,,,L1_8,Y,N,N,N,,EK;MZ,
effie_062,7,,,L1_8,Y,N,N,N,,EK;MZ,
effie_062,8,,,L1_8,Y,N,N,N,,EK;MZ,
effie_062,9,,,L1_8,Y,N,N,N,MZ edit: not an additional trial,EK;MZ,
effie_062,10,,,L1_8,Y,N,N,N,MZ edit: not an additional trial,EK;MZ,
effie_062,11,,,L1_8,Y,N,N,N,MZ edit: not an additional trial,EK;MZ,
effie_062,12,,,L1_8,Y,N,N,N,MZ edit: not an additional trial,EK;MZ,